/*INGRESO ARTICULOS*/
insert into ARTICULOS values (1001, 'Monitor AOC de 20″ LED con conectividad HDMI', 11, 110.00);
insert into ARTICULOS values (1002, 'Lenovo V330 Core i5-8250U', 3, 990.00);
insert into ARTICULOS values (1003, 'CASE ENCLOSURE DISCO DURO NOTEBOOK LAPTOP 2.5'' SATA USB 2.0', 14, 8.00);
insert into ARTICULOS values (1004, 'DISCO SÓLIDO 120GB KINGSTON SSD', 31, 39.00);
insert into ARTICULOS values (1005, 'Mouse HP Gaming M260', 27, 12.00);
insert into ARTICULOS values (1006, 'Teclado Logitech K270 Inalámbrico', 26, 25.00);
insert into ARTICULOS values (1007, 'Audifono + Microfono Gamer Xfire Xtratech Azul Y Negro Usb+ 2 Conectores 3.5Mm', 5, 19.64);
insert into ARTICULOS values (1008, 'Teclado Logitech K400 + Wireless Touchpad Tv Cell Pc', 12, 40.00);
insert into ARTICULOS values (1009, 'Cámara Web para PC', 22, 14.00);
insert into ARTICULOS values (1010, 'Disco solido 1tb 1000gb crucial ssd', 14, 155.00);
insert into ARTICULOS values (1011, 'Tp-link Mini Wireless Wifi Adaptador Usb Wn823n 300mbps Pc', 18, 11.00);
insert into ARTICULOS values (1012, 'Parlante para PC NEXUS', 26, 6.25);
insert into ARTICULOS values (1013, 'Laptop Lenovo Slim, Amd A9, 14 pulg, 64gb, 4gb, bt, w10', 6, 425.00);
insert into ARTICULOS values (1014, 'MOUSE MI XIAOMI METÁLICO PORTABLE PLATEADO', 21, 29.00);
insert into ARTICULOS values (1015, 'Laptop HP Gamer AMD RYZEN 7, 8gb, 1tb, AMD Radeon, webcam', 8, 850.00);
insert into ARTICULOS values (1016, 'Cable HDMI blindado en empaque Blíster de 5 metros', 7, 6.00);
insert into ARTICULOS values (1017, 'Cable HP HDMI a HDMI de 3 metros', 8, 7.00);
insert into ARTICULOS values (1018, 'Cable HDMI con blíster de 1.2 metros', 9, 3.99);
insert into ARTICULOS values (1019, 'Impresora Epson Lx 350, Matricial', 4, 230.00);
insert into ARTICULOS values (1020, 'CPU HP Original Core i3 9na, 1tb, 128gb, 8gb, dvdwr, bt, w10', 12, 535.00);
insert into ARTICULOS values (1021, 'Pendrive Kinston 64gb tipo C, USB 3.2', 25, 13.00);
insert into ARTICULOS values (1022, 'Pendrive Kingston 32gb USB 3.2, type C', 25, 7.00);
insert into ARTICULOS values (1023, 'Adaptador De Disco Duro De 2.5 A 3.5 Rack', 12, 1.79);
insert into ARTICULOS values (1024, 'Ventilador para laptop, cooling pad Wesdar', 10, 12.00);
insert into ARTICULOS values (1025, 'BOTELLA DE TINTA CANON GI -190 CYAN BOTLE 70 ML', 40, 9.61);
insert into ARTICULOS values (1026, 'BOTELLA DE TINTA CANON GI -190 NEGRO BOTLE 135 ML', 40, 9.99);
insert into ARTICULOS values (1027, 'BOTELLA DE TINTA CANON GI-190 MAGENTA BOTLE 70ML', 40, 9.61);
insert into ARTICULOS values (1028, 'BOTELLA DE TINTA CANON GI-190 AMARILLA BOTLE 70ML', 40, 9.61);
insert into ARTICULOS values (1029, 'ESCANER CANON CanoScan LIDE 300', 7, 64.15);
insert into ARTICULOS values (1030, 'IMPRESORA FOTOGRAFICA CANON SELPHY CP1300 WI-FI', 2, 164.67);
insert into ARTICULOS values (1031, 'CARTUCHO + PAPEL FOTOGRAFICO CANON KP-108 SELPHY 740-760-780', 7, 33.12);
insert into ARTICULOS values (1032, 'DVD-WRITER INTERNO ASUS SATA 24X DVD+R / RW 8X COLOR NEGRO', 4, 19.17);
insert into ARTICULOS values (1033, 'DISCO DURO INTERNO 3.5″ TOSHIBA 3TB 7200RPM 64MB PARA PC', 5, 91.97);
insert into ARTICULOS values (1034, 'UPS INTERACTIVO POWEST 500VA / 300W 110-120VAC', 2, 30.04);
insert into ARTICULOS values (1035, 'Fuente De Poder Rippa Desktop 600W Sata', 2, 7.60);
insert into ARTICULOS values (1036, 'COMPUTADOR INTEL CELERON 3.2GHZ RAM 4GB DISCO 1TB MONITOR LED CAMARA WEB', 1, 457.00);
insert into ARTICULOS values (1037, 'CPU INTEL INTEL CORE I3 10ma GEN. 3.6GHZ RAM 4GB DISCO 1TB', 2, 481.00);
insert into ARTICULOS values (1038, 'Lector Interno Rippa De Memorias Flash', 8, 4.46);
insert into ARTICULOS values (1039, 'Memoria Adata 4Gb Ddr4 Udimm 2666Mhz', 4, 31.25);
insert into ARTICULOS values (1040, 'Cable De Poder Xtech Para 3 Ranuras Para Pc- 1.8M', 11, 3.56);
insert into ARTICULOS values (1041, 'CABLE IMPRESORA USB 2.0', 25, 2.43);
insert into ARTICULOS values (1042, 'Licencia Microsoft Office 365 Personal 32/64 Bits Subscripción 1 Año', 50, 49.11);
insert into ARTICULOS values (1043, 'Parlante Logitech 2.0 S120 - 3.5Mm', 21, 22.32);
insert into ARTICULOS values (1044, 'CABLE SVGA 1.8m', 18, 7.60);
insert into ARTICULOS values (1045, 'CABLE SVGA 3m', 16, 9.00);
insert into ARTICULOS values (1046, 'CABLE SVGA 5m', 14, 13.00);
insert into ARTICULOS values (1047, 'Licencia Antivirus Eset Nod32 Oem, Suscripción Anual Para Plataforma Windows', 48, 25.90);
insert into ARTICULOS values (1048, 'Bateria Para Laptop/Notebook Lenovo ThinkPad Series T61/R61', 3, 135.20);
insert into ARTICULOS values (1049, 'Procesador Intel Core I5-7400 3.0 Ghz 6Mb Lga1151 7Ma Generacion', 4, 264.29);
insert into ARTICULOS values (1050, 'Tarjeta De Video Msi 1Gb N210 de Computadoras', 5, 61.61);

/*INGRESO CLIENTES*/
insert into CLIENTES values (1317548954, 'Dennis Snayder', 'Teran Avendaño', 'Calle 14 av. 20', 0958743397);
insert into CLIENTES values (1722697441, 'Selena Nicole','Medina Reyes','Calle 15 av. 35',0978445012);
insert into CLIENTES values (1701420570, 'Manuel Jose','Aveiga Loor','Calle universidad 9 av. universidad 4',0948756669);
insert into CLIENTES values (1311328114, 'Fabian Leonardo','Delgado Marchan','Urbanización Ciudad del Sol',0998445255);
insert into CLIENTES values (1697536715, 'Santiago Patricio','Bautista Alonzo','Calle 13 av. 17',0987597199);
insert into CLIENTES values (1487741126, 'Alisson Katherine','Macias Tenelema','Calle 15 av. 24',0995937132);
insert into CLIENTES values (1317925956, 'Alexander Jared','Mera Coba','Urbanización Cielito Lindo',0993938937);
insert into CLIENTES values (1154779629, 'Joselyn Alessa','Anchundia Moreira','Calle 308 av. 239B',0981640094);
insert into CLIENTES values (1784987441, 'Roberth Xavier','Chavez Conforme','Calle 122 av. 102',0996853524);
insert into CLIENTES values (1317915842, 'Ariana Valentina','Huerta Santana','Calle 109 av. 111',0988997615);
insert into CLIENTES values (1177852487, 'Sophia Carolina','Rojas Mendoza','Calle 4 av. 11',0997689029);
insert into CLIENTES values (1549997452, 'Adriana Anahi','Flores Cevallos','Calle 10 av. 10',0962610603);
insert into CLIENTES values (1309873279, 'Alanys Gissella','Alarcon Pico','Urbanización Manta Azul',0999189541);
insert into CLIENTES values (1348789954, 'Geovanny Andres','Alcivar Solorzano','Calle 17-B av. 30',0983177115);
insert into CLIENTES values (1124478965, 'Karen Denisse','Giler Ponce','Cdla. La Aurora Mz. F villa 12',0967616386);
insert into CLIENTES values (1458749961, 'Vielka Yamileth','Tauriz Rivera','Miraflores calle 9 de Octubre',0963280234);
insert into CLIENTES values (1314874168, 'Jordy Vicente','Rodriguez Garcia','Calle 114 av. 113',0997295053);
insert into CLIENTES values (1317818220, 'Victoria Luciana','Espin Intriago','Altagracia calle T1',0967143732);
insert into CLIENTES values (1317915666, 'Tania Jazmin','Zambrano Burgos','San Pedro calle 310 av. 207',0997455841);
insert into CLIENTES values (1719230342, 'Carlos Paul','Peñafiel Palma','Porvenir calle 297 av. 207',0996399073);

/*INGRESO TIPO_EMPLEADO*/
insert into TIPO_EMPLEADO values (1, 'VENDEDOR');
insert into TIPO_EMPLEADO values (2, 'TECNICO');

/*INGRESO EMPLEADOS*/
insert into EMPLEADOS values (1, 1, 1647815664, 'Eliana Cristina', 'Valle Ramirez', 'Femenino', 'Calle 15 av. 25', 0999543034, '05/10/1997');
insert into EMPLEADOS values (2, 1, 1784452164, 'Martha Pamela', 'Arauz Aguayo', 'Femenino', 'Calle 10 av. 11', 0995482236, '13/06/1999');
insert into EMPLEADOS values (3, 1, 1745120558, 'Gema Cecilia', 'Bazurto Quiroz', 'Femenino', 'Santa Martha calle 11 av. 34', 0968956789, '23/11/1998');
insert into EMPLEADOS values (4, 1, 1877953032, 'Juan Anderson', 'Alava Hernandez', 'Masculino', 'La Aurora II', 0955887410, '25/11/1996');
insert into EMPLEADOS values (5, 1, 1458726480, 'Bryan Gabriel', 'Arcentales Castillo', 'Masculino', 'Calle 13 av. 8', 0965487512, '13/07/2000');
insert into EMPLEADOS values (6, 1, 1302995466, 'Raquel Amelia', 'Sanchez Alvia', 'Femenino', 'Cdla. las Cumbres', 0954875410, '26/09/2001');
insert into EMPLEADOS values (7, 1, 1348756667, 'Martina Violeta', 'Acosta Espinales', 'Femenino', 'Urbanización Metróplis', 0948556820, '04/08/1997');
insert into EMPLEADOS values (8, 1, 1353648795, 'Abel Daniel', 'Roldan Plua', 'Masculino', 'San Agustín calle A', 0968774859, '31/01/1995');
insert into EMPLEADOS values (9, 2, 1478552220, 'Coraima Alejandra', 'Vera Navarrete', 'Femenino', 'Calle 11 av. 23', 0998572156, '14/01/1992');
insert into EMPLEADOS values (10, 2, 1647845628, 'Marcos Steven', 'Saltos Gutierrez', 'Masculino', 'Los Geraneos', 0965441285, '18/05/1990');
insert into EMPLEADOS values (11, 2, 1348448004, 'Jacinto Humberto', 'Arevalo Bravo', 'Masculino', 'Maria Auxiliadora calle 309 av. 209', 0958476698, '04/06/1995');
insert into EMPLEADOS values (12, 2, 1784995642, 'Luis Renato', 'Rivas Paredes', 'Masculino', 'Calle 17 av. 21', 0935395489, '17/07/1995');
insert into EMPLEADOS values (13, 2, 1254810202, 'Leonela Maria', 'Villamar Mejia', 'Femenino', 'La Pradera calle P5', 0947854122, '18/02/1991');
insert into EMPLEADOS values (14, 2, 1895554584, 'Sergio Adam', 'Murillo Briones', 'Masculino', 'Nueva Esperanza', 0987458666, '24/12/1989');

/*INGRESO PROVEEDORES*/ 
insert into PROVEEDORES values (1, 'Intcomex Corp.', 'Ecuador', 'Guayaquil', 'Ciudadela Adace Calle B N. 206 y Calle Sexta', 0943705200,'info.ec@intcomex.com');
insert into PROVEEDORES values (2, 'Megamicro S.A.', 'Ecuador', 'Quito', 'De las Anonas E9 - 119 y Los Jazmines', 093281288,'contactoweb@megamicro-ec.com');
insert into PROVEEDORES values (3, 'IDC Mayoristas en Computación CA', 'Ecuador', 'Quito', 'Av. Universitaria Oe6-46 y Santa Rosa Sector Miraflores', 2504754,'marketing@idcmayoristas.com');
insert into PROVEEDORES values (4, 'Pinsoft Corp.', 'Ecuador', 'Quito', 'Fray Jodoco Rique N14-102 e Itchimbía (Parque Itchimbía)', 2528506,'ventas1@pinsoft.ec');
insert into PROVEEDORES values (5, 'Impova', 'Ecuador', 'Guayaquil', 'Av. Quito 1024 y Jose Gabriel de Luque', 0996917529,'ventas@impova.com');
insert into PROVEEDORES values (6, 'XPC Tecnología Informática', 'Ecuador', 'Quito', 'Av Galo Plaza Lasso N67-23, entre Ciruelos y Cerezos', 022809088,'info@xpc.com.ec');
insert into PROVEEDORES values (7, 'Compuzone', 'Ecuador', 'Guayaquil', 'Manzana #40 solar # 1D', 042738565,'info@compuzone.com.ec');
insert into PROVEEDORES values (8, 'Compushop S.A.', 'Ecuador', 'Guayaquil', 'Cdla Albatros Calle Miguel H. Alcivar y A. Andrade Mz 6 V 8 1er piso', 0987456874,'info@compushop.ec');
insert into PROVEEDORES values (9, 'A.P.C. Tecnología Cía. Ltda.', 'Ecuador', 'Cuenca', 'Cornelio Merchan y José Peralta (esq.)', 0974103067,'ventasapc@apctecnologia.com');

/*INGRESO LOTE*/
insert into LOTE values (1, 1, '14/09/2020', 9800.00);
insert into LOTE values (2, 2, '21/09/2020', 6900.00);
insert into LOTE values (3, 3, '28/09/2020', 9870.00);
insert into LOTE values (4, 5, '02/10/2020', 9990.00);
insert into LOTE values (5, 7, '06/10/2020', 10000.00);
insert into LOTE values (6, 9, '10/10/2020', 8700.00);
insert into LOTE values (7, 8, '31/10/2020', 7850.00);
insert into LOTE values (8, 3, '05/11/2020', 10000.00);
insert into LOTE values (9, 2, '16/11/2020', 9500.00);
insert into LOTE values (10, 1, '24/11/2020', 8740.00);
insert into LOTE values (11, 3, '30/11/2020', 9948.00);
insert into LOTE values (12, 4, '01/12/2020', 9800.00);
insert into LOTE values (13, 5, '02/12/2020', 10000.00);
insert into LOTE values (14, 9, '04/12/2020', 9540.00);
insert into LOTE values (15, 6, '07/12/2020', 7800.00);

/*INGRESO MANTENIMIENTO*/
insert into MANTENIMIENTO values (1, 9, 1719230342, '14/09/2020', '24/09/2020', 'Si', '5SR5F6R5G4R64E', ' Defectuoso', 99.00, 'Revisión total de equipo');
insert into MANTENIMIENTO values (2, 10, 1317915666, '22/09/2020', '01/10/2020', 'No', '4FE54FEAF8FE48', 'No enciende', 25.00, '');
insert into MANTENIMIENTO values (3, 11, 1317818220, '06/10/2020', '16/11/2020', 'Si', 'HH82AC84AA200A', 'Impresora con fallas', 80.00, 'Cambio de tinta');
insert into MANTENIMIENTO values (4, 12, 1314874168, '29/10/2020', '08/11/2020', 'Sí', '9EW89W2E2E00E6', 'Daño de disco duro', 150.00, 'Cambio de disco duro');
insert into MANTENIMIENTO values (5, 13, 1458749961, '25/11/2020', '05/12/2020', 'No', 'F6W5W59FCZ6203', 'Defectuoso', 25.00, '');
insert into MANTENIMIENTO values (6, 14, 1124478965, '27/11/2020', '07/12/2020', 'No', 'E94R12T5Z320C0', 'Procesador quemado', 25.00, '');
insert into MANTENIMIENTO values (7, 12, 1348789954, '29/11/2020', '09/12/2020', 'No', '48668SC688SDE8', 'Defectuoso', 25.00, '');

/*INGRESO VENTAS*/
insert into VENTAS values (1, 1317548954, 1, 122.00);
insert into VENTAS values (2, 1722697441, 2, 103.64);
insert into VENTAS values (3, 1701420570, 3, 209.00);
insert into VENTAS values (4, 1311328114, 4, 442.25);
insert into VENTAS values (5, 1697536715, 5, 879.00);
insert into VENTAS values (6, 1487741126, 6, 246.99);
insert into VENTAS values (7, 1317925956, 7, 548.00);
insert into VENTAS values (8, 1154779629, 8, 123.79);
insert into VENTAS values (9, 1784987441, 4, 216.96);
insert into VENTAS values (10, 1317915842, 6, 586.61);
insert into VENTAS values (11, 1177852487, 7, 520.27);
insert into VENTAS values (12, 1549997452, 5, 103.46);
insert into VENTAS values (13, 1309873279, 3, 161.10);
insert into VENTAS values (14, 1348789954, 5, 325.90);
insert into VENTAS values (15, 1124478965, 4, 990.00);
insert into VENTAS values (16, 1458749961, 7, 308.00);
insert into VENTAS values (17, 1314874168, 7, 265.00);

/*INGRESO DETALLE_LOTE*/
insert into DETALLE_LOTE values (1, 1, 1001);
insert into DETALLE_LOTE values (2, 2, 1002);
insert into DETALLE_LOTE values (3, 3, 1003);
insert into DETALLE_LOTE values (4, 4, 1004);
insert into DETALLE_LOTE values (5, 5, 1005);
insert into DETALLE_LOTE values (6, 6, 1006);
insert into DETALLE_LOTE values (7, 7, 1007);
insert into DETALLE_LOTE values (8, 8, 1008);
insert into DETALLE_LOTE values (9, 9, 1009);
insert into DETALLE_LOTE values (10, 10, 1010);
insert into DETALLE_LOTE values (11, 11, 1011);
insert into DETALLE_LOTE values (12, 12, 1012);
insert into DETALLE_LOTE values (13, 13, 1013);
insert into DETALLE_LOTE values (14, 14, 1014);
insert into DETALLE_LOTE values (15, 15, 1015);
insert into DETALLE_LOTE values (16, 11, 1016);
insert into DETALLE_LOTE values (17, 12, 1017);
insert into DETALLE_LOTE values (18, 13, 1018);
insert into DETALLE_LOTE values (19, 14, 1019);
insert into DETALLE_LOTE values (20, 15, 1020);
insert into DETALLE_LOTE values (21, 10, 1021);
insert into DETALLE_LOTE values (22, 9, 1022);
insert into DETALLE_LOTE values (23, 8, 1023);
insert into DETALLE_LOTE values (24, 6, 1024);
insert into DETALLE_LOTE values (25, 7, 1025);

/*INGRESO DETALLE_MANTENIMIENTO*/
insert into DETALLE_MANTENIMIENTO values (1, 1042, 1);
insert into DETALLE_MANTENIMIENTO values (2, 1047, 1);
insert into DETALLE_MANTENIMIENTO values (3, NULL, 2);
insert into DETALLE_MANTENIMIENTO values (4, 1025, 3);
insert into DETALLE_MANTENIMIENTO values (5, 1026, 3);
insert into DETALLE_MANTENIMIENTO values (6, 1027, 3);
insert into DETALLE_MANTENIMIENTO values (7, 1028, 3);
insert into DETALLE_MANTENIMIENTO values (8, 1033, 4);
insert into DETALLE_MANTENIMIENTO values (9, NULL, 5);
insert into DETALLE_MANTENIMIENTO values (10, NULL, 6);
insert into DETALLE_MANTENIMIENTO values (11, NULL, 7);

/*INGRESO DETALLE_VENTA*/
insert into DETALLE_VENTA values (1, 1001, 2, 1);
insert into DETALLE_VENTA values (2, 1005, 4, 1);
insert into DETALLE_VENTA values (3, 1003, 1, 2);
insert into DETALLE_VENTA values (4, 1004, 5, 2);
insert into DETALLE_VENTA values (5, 1005, 3, 2);
insert into DETALLE_VENTA values (6, 1006, 2, 2);
insert into DETALLE_VENTA values (7, 1007, 1, 2);
insert into DETALLE_VENTA values (8, 1008, 4, 3);
insert into DETALLE_VENTA values (9, 1009, 5, 3);
insert into DETALLE_VENTA values (10, 1010, 2, 3);
insert into DETALLE_VENTA values (11, 1011, 3, 4);
insert into DETALLE_VENTA values (12, 1012, 2, 4);
insert into DETALLE_VENTA values (13, 1013, 1, 4);
insert into DETALLE_VENTA values (14, 1014, 4, 5);
insert into DETALLE_VENTA values (15, 1015, 2, 5);
insert into DETALLE_VENTA values (16, 1016, 3, 6);
insert into DETALLE_VENTA values (17, 1017, 1, 6);
insert into DETALLE_VENTA values (18, 1018, 1, 6);
insert into DETALLE_VENTA values (19, 1019, 1, 6);
insert into DETALLE_VENTA values (20, 1020, 2, 7);
insert into DETALLE_VENTA values (21, 1021, 2, 7) ;
insert into DETALLE_VENTA values (22, 1022, 2, 8);
insert into DETALLE_VENTA values (23, 1023, 3, 8);
insert into DETALLE_VENTA values (24, 1024, 1, 8);
insert into DETALLE_VENTA values (25, 1025, 2, 8);
insert into DETALLE_VENTA values (26, 1026, 2, 8);
insert into DETALLE_VENTA values (27, 1027, 1, 8);
insert into DETALLE_VENTA values (28, 1028, 1, 8);
insert into DETALLE_VENTA values (29, 1029, 1, 8);
insert into DETALLE_VENTA values (30, 1030, 2, 9);
insert into DETALLE_VENTA values (31, 1031, 1, 9);
insert into DETALLE_VENTA values (32, 1032, 2, 9);
insert into DETALLE_VENTA values (33, 1033, 3, 10);
insert into DETALLE_VENTA values (34, 1034, 3, 10);
insert into DETALLE_VENTA values (35, 1035, 1, 10);
insert into DETALLE_VENTA values (36, 1036, 1, 10);
insert into DETALLE_VENTA values (37, 1037, 2, 11);
insert into DETALLE_VENTA values (38, 1038, 1, 11);
insert into DETALLE_VENTA values (39, 1039, 1, 11);
insert into DETALLE_VENTA values (40, 1040, 2, 11);
insert into DETALLE_VENTA values (41, 1041, 2, 12);
insert into DETALLE_VENTA values (42, 1042, 3, 12);
insert into DETALLE_VENTA values (43, 1043, 4, 12);
insert into DETALLE_VENTA values (44, 1044, 2, 12);
insert into DETALLE_VENTA values (45, 1045, 1, 12);
insert into DETALLE_VENTA values (46, 1046, 1, 12);
insert into DETALLE_VENTA values (47, 1047, 2, 13);
insert into DETALLE_VENTA values (48, 1048, 4, 13);
insert into DETALLE_VENTA values (49, 1049, 2, 14);
insert into DETALLE_VENTA values (50, 1050, 1, 14);
insert into DETALLE_VENTA values (51, 1002, 1, 15);
insert into DETALLE_VENTA values (52, 1021, 6, 16);
insert into DETALLE_VENTA values (53, 1019, 1, 16);
insert into DETALLE_VENTA values (54, 1022, 5, 17);
insert into DETALLE_VENTA values (55, 1019, 1, 17);
